{
  "主页" : {
    "transaction" : "主页",
    "sampleCount" : 1000,
    "errorCount" : 0,
    "errorPct" : 0.0,
    "meanResTime" : 13951.546999999986,
    "medianResTime" : 17348.0,
    "minResTime" : 5471.0,
    "maxResTime" : 17867.0,
    "pct1ResTime" : 17625.9,
    "pct2ResTime" : 17664.85,
    "pct3ResTime" : 17766.99,
    "throughput" : 55.84096493187402,
    "receivedKBytesPerSec" : 339.08182620895684,
    "sentKBytesPerSec" : 6.380266501005137
  },
  "igo" : {
    "transaction" : "igo",
    "sampleCount" : 1000,
    "errorCount" : 0,
    "errorPct" : 0.0,
    "meanResTime" : 9908.545000000002,
    "medianResTime" : 9687.5,
    "minResTime" : 6551.0,
    "maxResTime" : 17192.0,
    "pct1ResTime" : 11967.499999999987,
    "pct2ResTime" : 12106.95,
    "pct3ResTime" : 17005.99,
    "throughput" : 34.944263899080966,
    "receivedKBytesPerSec" : 212.23323603539853,
    "sentKBytesPerSec" : 4.095030925673551
  },
  "game" : {
    "transaction" : "game",
    "sampleCount" : 1000,
    "errorCount" : 0,
    "errorPct" : 0.0,
    "meanResTime" : 8323.34599999999,
    "medianResTime" : 7711.0,
    "minResTime" : 4188.0,
    "maxResTime" : 11929.0,
    "pct1ResTime" : 11844.9,
    "pct2ResTime" : 11876.95,
    "pct3ResTime" : 11911.0,
    "throughput" : 58.00127602807262,
    "receivedKBytesPerSec" : 352.37791637666027,
    "sentKBytesPerSec" : 6.853666405660925
  },
  "gens" : {
    "transaction" : "gens",
    "sampleCount" : 1000,
    "errorCount" : 0,
    "errorPct" : 0.0,
    "meanResTime" : 12226.397000000012,
    "medianResTime" : 12663.0,
    "minResTime" : 6567.0,
    "maxResTime" : 17193.0,
    "pct1ResTime" : 13128.4,
    "pct2ResTime" : 13481.95,
    "pct3ResTime" : 17091.91,
    "throughput" : 40.23659115599727,
    "receivedKBytesPerSec" : 244.4490007494065,
    "sentKBytesPerSec" : 4.754519072144207
  },
  "Total" : {
    "transaction" : "Total",
    "sampleCount" : 4000,
    "errorCount" : 0,
    "errorPct" : 0.0,
    "meanResTime" : 11102.458749999983,
    "medianResTime" : 11358.0,
    "minResTime" : 4188.0,
    "maxResTime" : 17867.0,
    "pct1ResTime" : 17434.0,
    "pct2ResTime" : 17552.0,
    "pct3ResTime" : 17678.0,
    "throughput" : 84.10605773880863,
    "receivedKBytesPerSec" : 510.86849032254673,
    "sentKBytesPerSec" : 9.835644935763998
  }
}